r/1825,zombi,bi,Banni,,
r/1lexi_slv_skyrim,jeux vidéo,fr,Public,,
r/20sur20_coef_10_svp,zombi,bi,Restreint,,
r/2b2Flat,jeux vidéo,bi,Public,,
r/2celtic4you,zombi,bi,Banni,,
r/2latin4you,humour,bi,Public,,
r/2mediterranean4you,zombi,bi,Privé,,
r/2MSF,zombi,bi,Restreint,,
r/2sucres,zombi,bi,Banni,,
r/2SucresV2,zombi,bi,Banni,,
r/310lexaa,ᎵᎦᎵՀイ,fr,Public,,
r/3bieres,balladodiffusion,fr,Public,,3 Bières : Le podcast
r/444nuits,musique,bi,Public,,
r/514,politique CN,bi,Public,,
r/667,musique,fr,Public,,667 : La Secte
r/709music,Terre-Neuve-et-Labrador,bi,Public,,
r/905,zombi,bi,Banni,,
r/9chatFR,humour,fr,Public,,
r/Abitibi,Québec,bi,Public,,
r/ACAD,zombi,bi,Restreint,,
r/AcadiaU,éducation CN,bi,Public,,Acadia University
r/acadie,Nouveau Brunswick,bi,Public,,
r/Accropolis,politique FR,fr,Public,,
r/achatdurable,quotidien,fr,Public,,
r/Acheter_Testo_Ultra,zombi,bi,Banni,,
r/ACMontrealInc,zombi,bi,Banni,,
r/actu,actualités,fr,Public,,
r/Actu_,zombi,bi,Restreint,,
r/actu_memes,humour,fr,Public,,"Ici, on meme sur cette source inépuisable d'inspiration qu'est : l'actualité !"
r/actualite,actualités,fr,Public,12435,L'actualité au quotidien.
r/actusfr,zombi,bi,Restreint,,
r/ActusMonde,actualités,fr,Public,17,
r/actutech,tech,fr,Public,37016,L’actualité technologique francophone.
r/AddictionsFR,drogues,fr,Public,1329,Pour parler de toutes les addictions
r/ados,zombi,bi,Privé,,
r/afcm_lacuisine,comestible,bi,Public,98,
r/AFCM_templates,quotidien,fr,Public,29,
r/AFD_tweets,zombi,bi,Restreint,,
r/AfricaPics,zombi,bi,Exproprié,,
r/Afrique,Afrique,bi,Public,,
r/AgatheAuprouxFR,ᎵᎦᎵՀイ,fr,Public,,
r/agen,zombi,bi,Restreint,,
r/AgenceFrancePresse,actualités,fr,Public,,
r/agilefr,zombi,bi,Restreint,,
r/ahl_al_Kitab,religion,bi,Public,,
r/Ahuntsic,quartiers du Québec,bi,Public,,
r/Aide_Etudes,éducation,fr,Public,,
r/aideauxdevoirs,zombi,bi,Banni,,
r/Aideyoutubeurs,zombi,bi,Exproprié,,
r/airbus,transports,bi,Public,,A subreddit for Airbus fans
